"","adj.P.Val"
"BC074921",5.74761097455661e-08
"BC069643",5.89959099521557e-08
"NM_004108",1.73146751121202e-06
"BC044647",1.73146751121202e-06
"XM_379029",2.58133570627025e-06
"NM_007028",7.18862498466582e-06
"NM_001013701",7.54639732565842e-06
"NM_000640",9.7476913376197e-06
"NM_139028",1.51309882438953e-05
"NM_004219",1.95858312805194e-05
"NM_033303",1.95858312805194e-05
"NM_006438",1.95858312805194e-05
"BC095512",1.95858312805194e-05
"NM_033302",1.95858312805194e-05
"NM_181800",1.95858312805194e-05
"AK074614",1.95858312805194e-05
"NM_016204",1.95858312805194e-05
"XM_934627",1.95858312805194e-05
"NM_181803",2.02386783045279e-05
"BC046645",2.02386783045279e-05
"NM_000680",2.02386783045279e-05
"NM_022124",2.02386783045279e-05
"XM_925855",2.14869563383733e-05
"NM_033304",2.19400745919838e-05
"NM_152635",2.35192510886882e-05
"NM_001012729",2.37999240075056e-05
"NM_002621",2.37999240075056e-05
"NM_007019",2.45597324372938e-05
"NM_006042",2.46570475379484e-05
"AY042235",2.57780952737875e-05
"XM_931052",2.69913950162368e-05
"BC016292",2.69913950162368e-05
"BC053318",2.75308530912514e-05
"AF290887",2.75308530912514e-05
"BC067424",3.12825608220708e-05
"NM_002263",3.25886837748826e-05
"NM_134263",3.26071466745295e-05
"AF288410",3.26071466745295e-05
"AY042225",3.29266909463842e-05
"NM_006607",3.29266909463842e-05
"NM_006459",3.29266909463842e-05
"BC101834",3.29266909463842e-05
"AY563165",3.46896066179005e-05
"NM_181802",3.46896066179005e-05
"NM_014867",3.46896066179005e-05
"NM_214677",3.46896066179005e-05
"NM_022911",3.49832157119819e-05
"AF087872",3.7666417353349e-05
"AY343913",4.12220454723464e-05
"NM_007264",4.31690969769055e-05
"AF529371",4.34921609832347e-05
"NM_000612",4.49082594602201e-05
"BC009738",4.49082594602201e-05
"NM_004970",4.49082594602201e-05
"BC012379",4.68739611723715e-05
"NM_000909",4.68739611723715e-05
"NM_005491",4.73080233583078e-05
"NM_005622",5.12523704179559e-05
"NM_003613",5.35635103733097e-05
"NM_016250",5.47971333026877e-05
"NM_134426",5.52529341383646e-05
"NM_214675",6.05336941586001e-05
"NM_002310",6.08458291217072e-05
"NM_001790",6.70623387552904e-05
"NM_181801",6.70623387552904e-05
"NM_175733",7.12730427850629e-05
"BC007656",7.12730427850629e-05
"NM_003970",7.12730427850629e-05
"AF258450",7.12730427850629e-05
"NM_016343",8.31676159252241e-05
"BC025739",8.47854847502343e-05
"BX248778",9.18849703486847e-05
"AK127017",9.27081860356253e-05
"BC015099",9.35475961025536e-05
"NM_145030",0.000100402034729475
"NM_018436",0.000100402034729475
"NM_139026",0.000101189700286794
"BC114465",0.000101189700286794
"NM_014257",0.00010313759424768
"AK000374",0.000103174102215325
"BC042150",0.000103174102215325
"NM_005277",0.000103174102215325
"AB053445",0.000103913604106926
"NM_144668",0.000106284471813922
"BC110614",0.000110562190857284
"BC036233",0.000114675337026616
"BC029125",0.000114675337026616
"BC011240",0.000114848334996694
"NM_152271",0.000117723893782197
"NM_001255",0.000121005373291126
"NM_006342",0.000123884170085779
"NM_184087",0.000123884170085779
"AK027673",0.000124040140609057
"BC019284",0.000126511990778918
"NM_007129",0.000127698392617295
"NM_017779",0.000128759045708893
"NM_052836",0.00013686257510481
"BC042127",0.000140126346928101
"BC093662",0.000145710185751664
"BC036444",0.000148377900712542
"AK126297",0.000156044100371662
"NM_004675",0.000162387686734611
"NM_001005738",0.000162387686734611
"NM_139125",0.000162387686734611
"NM_006646",0.000163850809628548
"BC069773",0.00017245571172173
"NM_184086",0.00018180844696218
"BC068467",0.00018180844696218
"AK223139",0.00018512480344764
"AF258449",0.000189025360424507
"NM_202000",0.000195368932066321
"BC060868",0.000197183525608012
"CR604997",0.000197183525608012
"BC071720",0.000198831213351078
"NM_006691",0.000202459308354294
"NM_139025",0.000205450144711009
"NM_004744",0.000205450144711009
"AF262322",0.000205940715966344
"NM_025098",0.000210131185811579
"BC011786",0.000212481459784436
"BC007495",0.000212481459784436
"NM_005244",0.000212481459784436
"BC093691",0.000213082388249994
"NM_004091",0.000222271162804725
"NM_017564",0.000229844785253682
"NM_014176",0.000229903530570536
"NM_133459",0.00023158831764244
"AK128620",0.000235604355786289
"NM_032649",0.000238878745990846
"NM_004414",0.00024250391708602
"BC007750",0.00024250391708602
"AY042222",0.000253507830528895
"NM_153742",0.000255513632278547
"BC064965",0.000264208518043423
"NM_000078",0.000264208518043423
"NM_178229",0.000267135377463684
"NM_014435",0.000274996761940092
"NM_020127",0.000296797187125951
"AL136605",0.000296797187125951
"BC038857",0.000300843533462026
"NM_001902",0.000300931631688907
"AK131263",0.000307205467480267
"BC052969",0.000323619809623246
"NM_003713",0.00032504413594639
"D10653",0.00032504413594639
"NM_006845",0.00032590267854759
"NM_031917",0.00032590267854759
"BC046477",0.000336451735530358
"NM_023071",0.000336451735530358
"NM_001486",0.000348209785435995
"NM_031460",0.000348209785435995
"NM_016262",0.00035012412441843
"NM_173685",0.00035012412441843
"BC109058",0.000351257854817439
"NM_001007139",0.000363990985660366
"XM_928320",0.000363990985660366
"NM_001221",0.000363990985660366
"AY705349",0.0003661127586165
"NM_000761",0.0003661127586165
"BC011243",0.0003661127586165
"NM_022776",0.0003661127586165
"NM_018023",0.0003661127586165
"AF051852",0.000372614397198784
"NM_022359",0.000374412091410876
"BC006325",0.00037464185408008
"AX772804",0.000379952393130365
"BC093910",0.00038154021161654
"BC053676",0.00038154021161654
"BC010458",0.000383950694224747
"BC007606",0.000383950694224747
"NM_001060",0.000383950694224747
"NM_002391",0.000396792329589804
"BC000705",0.000396792329589804
"BC105086",0.000396792329589804
"BC106945",0.000396792329589804
"BC031101",0.000420188635214254
"BC069383",0.000423281665312598
"NM_003122",0.000423281665312598
"NM_170775",0.000426620655131697
"BC027911",0.000436280480889585
"XM_935476",0.000436280480889585
"BC110295",0.000447615250104146
"NM_002005",0.000474873441772893
"NM_080668",0.000499612557608981
"BC009279",0.000499612557608981
"NM_207418",0.000501590896106565
"AB046826",0.000501590896106565
"NM_152463",0.000501590896106565
"BC044886",0.000501590896106565
"NM_031966",0.000505556392485781
"BC032142",0.000505556392485781
"NM_024041",0.000505556392485781
"NM_018410",0.000506073029258316
"NM_016426",0.000506073029258316
"BC065284",0.000506445397862776
"XM_931790",0.000508231622151257
"NM_000229",0.000508231622151257
"NM_001039792",0.000508231622151257
"NM_198948",0.000509551276480623
"NM_005192",0.000509551276480623
"NM_017577",0.000509551276480623
"BC005362",0.000509551276480623
"NM_198492",0.00050989994645269
"NM_080829",0.000515273203160424
"NM_001002876",0.000526667373858634
"BC113862",0.000530473485370482
"XM_927026",0.000533432195063208
"BC016475",0.000549356343023472
"NM_173852",0.00055259957088567
"XM_495907",0.00055259957088567
"XM_929861",0.00055259957088567
"BX538104",0.00056287391447576
"BC029806",0.00056287391447576
"NM_000049",0.000563671187941341
"NM_001012270",0.000563671187941341
"AY335491",0.000563671187941341
"NM_001012507",0.000563671187941341
"NM_032793",0.000564860539777706
"BC012032",0.000566637012457272
"NM_152470",0.000567638021470179
"NM_001882",0.000569315477356638
"NM_001008493",0.000569315477356638
"BC068445",0.000569315477356638
"NM_001009552",0.000569315477356638
"NM_006770",0.000581114663156983
"XM_926832",0.000616436196048143
"BC075828",0.000623056934444693
"NM_005476",0.000646272259401785
"NM_016535",0.000646272259401785
"BC025790",0.000650690229474284
"XM_375500",0.000664772240643666
"BC015770",0.000668735384520239
"AF111708",0.000679932254738155
"NM_176782",0.000686149054089904
"NM_001024024",0.000688821371974298
"AY513657",0.000703269763581048
"NM_145290",0.00070685757136178
"AJ245377",0.000723363336838854
"NM_001018041",0.000739928529553978
"BC034608",0.000744714513233924
"NM_022568",0.00074650808055436
"BC011704",0.00074650808055436
"AK000388",0.00074650808055436
"BX161467",0.00074650808055436
"BC035972",0.000750012568744091
"NM_004701",0.000750012568744091
"NM_014039",0.000750012568744091
"NM_004615",0.000756379184379008
"AY157577",0.000763524437097246
"NM_001002810",0.000764322506048221
"XM_935203",0.000770657783193109
"XM_929884",0.000770657783193109
"BC029554",0.000770657783193109
"NM_032117",0.000787150016476827
"BC043502",0.000787150016476827
"BC050640",0.000787150016476827
"XM_931817",0.000787609114766341
"NM_003829",0.000788351523209824
"NM_013282",0.000791082466218664
"NM_013266",0.00079811027461918
"BC048299",0.000801263060199022
"BC044612",0.000801263060199022
"XM_931801",0.000801263060199022
"NM_001407",0.000808926541500188
"NM_001039717",0.000808926541500188
"NM_002527",0.000828372619594785
"NM_001012333",0.000828372619594785
"NM_002387",0.000828372619594785
"XM_935202",0.000828372619594785
"AY495087",0.000840215639961358
"NM_001014451",0.000840215639961358
"M69297",0.000852093212195199
"NM_001012334",0.000867046368751338
"BC062555",0.000887916133109643
"DQ104439",0.000908732812785105
"NM_198949",0.000921253868672406
"NM_173472",0.00092295416306112
"NM_001039935",0.000939694239771407
"NM_020353",0.000954209564799263
"BC025782",0.000954209564799263
"NM_006041",0.00095607681944967
"NM_201628",0.00095607681944967
"NM_016619",0.000961705637827959
"BC002535",0.000961705637827959
"NM_018644",0.000961705637827959
"NM_052884",0.000977118331798404
"NM_003594",0.000977118331798404
"BC114473",0.000977118331798404
"BC031616",0.00098097678661818
"BC020537",0.000987407792610276
"BC015993",0.00100936116261668
"NM_138557",0.00101311653450602
"BC112303",0.00101311653450602
"AK126851",0.00101311653450602
"AL049786",0.00101531398457974
"BC006510",0.00101719777662075
"NM_005480",0.00103362815318048
"NM_152286",0.00103362815318048
"BC113875",0.0010379220147213
"AF384856",0.00105133283917458
"NM_005422",0.00106838717102932
"NM_005116",0.00106838717102932
"BC015801",0.00106838717102932
"AF242540",0.00107537089318803
"AF205073",0.00107537089318803
"NM_004260",0.00108873798346311
"NM_025251",0.00108895895868061
"NM_018960",0.00108895895868061
"BC012205",0.00108895895868061
"NM_024913",0.00108895895868061
"D63478",0.00111227086885003
"XM_933674",0.00111974864711835
"AK093818",0.00112268127293419
"BC111758",0.00112268127293419
"XM_932726",0.00112268127293419
"NM_005585",0.00112446737452902
"BC011707",0.00113204158328965
"BC045607",0.00113568722745524
"BC020263",0.00113952644908284
"AB032179",0.00113952644908284
"AF063002",0.00113952644908284
"NM_006101",0.00113952644908284
"XM_935207",0.00115592370020574
"NM_004484",0.00115592370020574
"CR623798",0.00116538108343342
"NM_018142",0.00116538108343342
"NM_005804",0.00117791271707959
"XM_930516",0.00118069105415939
"NM_001005783",0.00118308459884522
"BC024211",0.00118492460606154
"NM_201636",0.00119478255672366
"BC014353",0.00119731746412947
"U11271",0.00119731746412947
"BC064549",0.00121014183011968
"NM_001037533",0.00121014183011968
"AY513656",0.00122056168154968
"BC020863",0.001226674206654
"NM_001786",0.001226674206654
"BX161448",0.00122868042228241
"XM_932790",0.00122894144502043
"BC035776",0.00123402557173218
"NM_012334",0.00124443962346736
"AK129923",0.00124443962346736
"NM_015589",0.00124815566363727
"NM_005982",0.001248480890107
"BC017327",0.001248480890107
"NM_138413",0.00125018674123224
"BC029860",0.00125018674123224
"BC093843",0.00126415993710092
"BC100019",0.00127314523174037
"NM_025084",0.00129012631810372
"NM_002452",0.00129975529402174
"BC112252",0.00130818100512078
"BC071620",0.0013438744104346
"AK097266",0.00138677174139737
"NM_001827",0.00139160977398523
"NM_017787",0.00140612746997503
"NM_003597",0.00140896758903645
"XM_930401",0.00140896758903645
"AK000490",0.00140896758903645
"BC104450",0.00140896758903645
"NM_017898",0.00141140626739021
"XM_930432",0.00141701108706641
"AF190160",0.00142214766133545
"BC109206",0.00142214766133545
"BC008481",0.00147148204728706
"NM_181799",0.00147148204728706
"NM_020379",0.00148246744265477
"NM_002466",0.00154067602974764
"BC110617",0.00157653611811033
"BC032128",0.00158810739934876
"NM_000787",0.00158810739934876
"BC109075",0.00158810739934876
"NM_001809",0.00158810739934876
"AB040883",0.0015901111546683
"NM_001009567",0.0015901111546683
"BC013756",0.00160695333900312
"BC014618",0.00160695333900312
"NM_001879",0.0016257037248387
"BC057233",0.0016257037248387
"XM_927884",0.00163800215119042
"NM_003877",0.00163800215119042
"NM_032787",0.00163800215119042
"BC000674",0.00163800215119042
"BC107876",0.00164389080955346
"NM_000125",0.00164389080955346
"NM_012288",0.00165682283865593
"NM_007036",0.0016605221188669
"BC006458",0.00166264259765483
"NM_001163",0.00166264259765483
"NM_205855",0.00167620616333898
"NM_015359",0.00168404935198702
"L27211",0.00169528487815512
"BC027592",0.00170905131896461
"AK092950",0.00170905131896461
"NM_004817",0.00170905131896461
"BC078655",0.00170905131896461
"NM_003686",0.00170905131896461
"NM_005950",0.0017189443185443
"BC047447",0.00172823401664481
"NM_001015047",0.00174233123336868
"BC009196",0.00174274161602029
"NM_002662",0.0017683164443429
"NM_058195",0.0017683164443429
"XM_930073",0.00177453876982121
"AK126079",0.00180306235465894
"NM_005691",0.00180306235465894
"NM_001002799",0.00180957767905492
"XM_496826",0.0018167395694092
"XM_931770",0.0018167395694092
"NM_001018115",0.0018243695533877
"NM_016509",0.0018243695533877
"NM_001024844",0.00182977025757764
"NM_031299",0.00183190879582146
"XM_934226",0.00183252921031852
"NM_033379",0.0018335298651005
"NM_025049",0.0018335298651005
"NM_025214",0.00184082162081609
"BC074818",0.00184082162081609
"BC042944",0.00184082162081609
"NM_173828",0.00186634536472181
"NM_021137",0.00186634536472181
"AJ973643",0.00186634536472181
"NM_018116",0.00186964117638589
"NM_198953",0.00187853680411503
"XM_933998",0.00188515995879171
"XM_931785",0.00188932622297826
"NM_016228",0.00189046611800689
"AJ608287",0.00189046611800689
"NM_182513",0.00189402311900054
"NM_138435",0.00190447931800615
"NM_001002234",0.00190571023059504
"NM_052818",0.00191311840919778
"BC022003",0.00192729786955137
"AJ851889",0.0019317406388667
"NM_013310",0.00194878305379928
"NM_194294",0.00194878305379928
"NM_015989",0.00194878305379928
"NM_004597",0.00194878305379928
"NM_002674",0.00195130387474492
"NM_003701",0.00196266738819774
"BC103815",0.00196559107178518
"AK125198",0.00196559107178518
"XM_926329",0.00197000402065395
"NM_001001699",0.00197000402065395
"XM_931806",0.00199681717794617
"NM_003842",0.00199681717794617
"BC015878",0.0020220125930829
"AF297711",0.0020220125930829
"NM_003253",0.00204132570164186
"BC040105",0.0020476779328886
"BC007985",0.00204959531329807
"AK097861",0.0020513111016651
"NM_013314",0.00205742644752157
"NM_014674",0.00205742644752157
"XM_928507",0.00206778848794514
"BC093065",0.00207182437941393
"BC006395",0.00208178418610831
"U89329",0.00208214174678048
"XM_934125",0.00209613819797578
"NM_002829",0.00209613819797578
"BC014550",0.00209613819797578
"NM_006832",0.00213578775099252
"BC093912",0.00213578775099252
"XM_933105",0.00213578775099252
"NM_173639",0.00213578775099252
"NM_014787",0.00213578775099252
"BC017316",0.00215407565649038
"AY026505",0.00215587459110725
"BC057821",0.00217115667104975
"BC013112",0.00217135227506087
"NM_013277",0.00218503700949088
"BC032131",0.00218503700949088
"NM_002468",0.00218503700949088
"NM_000017",0.00218503700949088
"AM180330",0.00218503700949088
"NM_002129",0.00218503700949088
"BC001420",0.00218503700949088
"NM_178135",0.00219210421751222
"NM_003245",0.00219210421751222
"NM_015209",0.00219346585014259
"BC041656",0.00219346585014259
"AB209814",0.00219346585014259
"NM_173359",0.00219346585014259
"NM_138379",0.00226004650644084
"AB040944",0.00226004650644084
"NM_000598",0.00226004650644084
"NM_000771",0.00226004650644084
"NM_004217",0.00227912366836065
"NM_001433",0.00228944196728112
"BC047593",0.0022973787093885
"NM_152259",0.00229909239146419
"BC103878",0.00230334014777748
"NM_018667",0.00230916684404507
"AL832016",0.00230916684404507
"NM_001031827",0.00230916684404507
"NM_003665",0.00231646842462837
"NM_005168",0.00231881502726368
"AK094612",0.00232972727140158
"NM_005842",0.00233183678420805
"AK095016",0.00235347425820879
"NM_000783",0.00235347425820879
"NM_006366",0.00236873287190923
"BC011238",0.00239022827986648
"BC017167",0.00240792090146403
"NM_153020",0.00241009825001996
"BC000706",0.00241404531627235
"BC035307",0.00241404531627235
"NM_153187",0.00241404531627235
"NM_004336",0.00241952435228027
"NM_020401",0.00242246152364388
"NM_003094",0.00242344398009866
"BC012999",0.00242344398009866
"BC028073",0.00242344398009866
"NM_000740",0.00242344398009866
"BC008781",0.00245325055212272
"NM_014791",0.00245325055212272
"NM_032169",0.00245325055212272
"BC013277",0.00245325055212272
"XM_928498",0.00248997783290179
"NM_025097",0.00250035129514961
"AK000104",0.00250035129514961
"BC064424",0.00250035129514961
"NM_144687",0.00251164262432584
"NM_173636",0.00251182566101855
"BC002639",0.00251182566101855
"AJ236921",0.00252770594186054
"BC022294",0.00252770594186054
"NM_004654",0.00252770594186054
"NM_015595",0.00255416937221364
"BC032754",0.00255416937221364
"NM_012213",0.00255416937221364
"NM_014875",0.00255416937221364
"NM_001011515",0.00255424139802973
"NM_016527",0.00257621872373169
"XM_034623",0.00258159460103686
"AX750578",0.00258321014652696
"NM_001024455",0.00258591862424072
"NM_145000",0.0025870536683659
"NM_004624",0.0025870536683659
"XM_932796",0.00259090190845211
"NM_005648",0.00259655614499409
"BC031015",0.00259655614499409
"XM_165511",0.00260512713288356
"XM_929519",0.00260645686183532
"NM_004425",0.00263055903921956
"BC009362",0.00264583670338274
"NM_207311",0.00264886560497876
"NM_006398",0.00264886560497876
"NM_182534",0.00264886560497876
"NM_005563",0.00264926179826604
"NM_001001870",0.00266719208134887
"BC012471",0.00266719208134887
"XM_499128",0.00266719208134887
"BC096759",0.00266895111586785
"AK130186",0.00267136416802154
"NM_000066",0.00269793673197313
"NM_001262",0.00269793673197313
"BC005379",0.00271149090169714
"NM_003012",0.00271149090169714
"NM_006938",0.0027153549751086
"NM_000161",0.0027157239519944
"NM_018325",0.00271619706267681
"BC069575",0.00271619706267681
"NM_031939",0.00271668657675572
"AF274938",0.00273350552937492
"NM_006528",0.00273350552937492
"BC022874",0.00273350552937492
"AK022489",0.00273350552937492
"XM_928727",0.00273518070797372
"NM_001017999",0.00273518070797372
"CR626359",0.00274083306027488
"NM_024099",0.00274083306027488
"AF491785",0.00275275496862414
"NM_032017",0.00275275496862414
"NM_015550",0.00275275496862414
"BC074750",0.00275275496862414
"BC012986",0.00275816945701288
"BC000013",0.00277328696033834
"AK123479",0.00277328696033834
"NM_138343",0.00278498837188352
"NM_032895",0.00281031652036689
"NM_014912",0.00281031652036689
"NM_000478",0.00281031652036689
"NM_015221",0.00281031652036689
"NM_177436",0.00284047445872984
"BC000137",0.00284047445872984
"NM_018131",0.00287440749650719
"NM_058229",0.00287971904050445
"AF316855",0.0028830944634274
"NM_024525",0.0028952772685709
"AB030240",0.00289559343115967
"NM_020242",0.00289559343115967
"BC005948",0.00291653865743098
"BC065367",0.00291653865743098
"NM_003462",0.00291653865743098
"BC015030",0.00291653865743098
"BC036468",0.00291653865743098
"AK127519",0.00291653865743098
"BC082228",0.00291858811934696
"BC112221",0.00291858811934696
"AK027319",0.00291858811934696
"NM_004856",0.00292242713791811
"BC020757",0.00292931065423403
"NM_018451",0.00292931065423403
"NM_002115",0.00292931065423403
"BC007811",0.00295882870927267
"BC017040",0.0029648890171121
"BC039343",0.0029648890171121
"AK127448",0.00296680866380817
"CR749791",0.00297111432410986
"AJ297858",0.00298611160060625
"BC017731",0.00303426396583886
"BX647177",0.0030398744394341
"NM_138736",0.00304232616591244
"NM_033201",0.00306870728627895
"NM_001018138",0.00306870728627895
"NM_001012409",0.00306870728627895
"NM_138316",0.00306870728627895
"BC046117",0.00306870728627895
"XM_930559",0.00306971697086255
"NM_001001521",0.00306971697086255
"NM_145727",0.00311404139323687
"NM_001002032",0.00311404139323687
"NM_014880",0.00311760759279395
"AB018304",0.00313407955781344
"BC107750",0.00315973514794352
"NM_000616",0.00317461030657371
"BC045630",0.003185761049996
"BC071939",0.0031924274390944
"BC096260",0.00319812289604947
"AB088847",0.00319958818113251
"XM_933059",0.00319958818113251
"XM_931092",0.00319958818113251
"NM_024760",0.00319958818113251
"NM_152545",0.00319958818113251
"XM_935128",0.00320835450979116
"NM_005538",0.00320882148103726
"NM_022664",0.00320882148103726
"NM_016199",0.00320882148103726
"XM_931074",0.00320882148103726
"NM_004696",0.00320962028587898
"AM180340",0.00321001168760365
"CR595121",0.00321001168760365
"BC044639",0.00321797761379005
"NM_004453",0.00322648095179657
"BC050529",0.00322648095179657
"BC113119",0.00322648095179657
"AK123802",0.00322648095179657
"NM_020297",0.00322648095179657
"NM_014670",0.00322648095179657
"NM_014002",0.00322648095179657
"NM_000015",0.00322648095179657
"BC029605",0.00322648095179657
"BC067350",0.00322648095179657
"NM_021614",0.00322942554592391
"BC015706",0.00323073550684649
"NM_005156",0.00324065688859507
"NM_001039775",0.00324065688859507
"BC074922",0.00324219789117275
"AL136931",0.00327320108616619
"NM_178043",0.00328074382509993
"XM_930579",0.00328074382509993
"XM_934910",0.0032902300234916
"BC002672",0.0032902300234916
"BC001886",0.0032902300234916
"DQ345520",0.0032902300234916
"AF090937",0.00329276949706254
"NM_002508",0.0032998586305061
"NM_138998",0.00332854078373797
"NM_006100",0.00333095910638288
"BC037277",0.00334473391101536
"AK094791",0.00334473391101536
"AY513655",0.00336039731590173
"NM_174921",0.00336039731590173
"X75299",0.00336039731590173
"BC047902",0.00339166736958154
"BC000486",0.00340445691432652
"AK094167",0.00340703479239021
"NM_203395",0.00340912816918408
"XM_927694",0.00341224325959049
"AK074778",0.00341449461054154
"BC025311",0.00342291519416005
"AK022697",0.00344156548749147
"NM_012484",0.00345224057696612
"BC025963",0.00345525058469778
"NM_014985",0.00345525058469778
"BC010926",0.00345525058469778
"NM_004938",0.00345525058469778
"BC004205",0.00345525058469778
"AB058780",0.00345525058469778
"NM_000999",0.00345525058469778
"NM_003579",0.00345525058469778
"NM_000591",0.00346802591252566
"NM_024667",0.00346802591252566
"AF183422",0.00346802591252566
"BC100028",0.00346802591252566
"NM_145647",0.00347071024367013
"NM_178859",0.00348456151996572
"NM_001018001",0.00349268897007897
"AM180338",0.00349336195128365
"NM_001002033",0.00349464447615206
"XM_933198",0.00351464882567815
"BC010425",0.00351829900874397
"NM_178858",0.00353259809394491
"NM_033643",0.00353718543517422
"NM_031423",0.00353718543517422
"NM_203399",0.00353718543517422
"AF116672",0.00353811420599027
"NM_005931",0.00354862844419482
"NM_000845",0.0035690311389608
"BC109248",0.00358267316077434
"XM_927826",0.00359417304713559
"BC104883",0.00360855968789926
"NM_145754",0.00361404912271943
"NM_003057",0.0036423627940332
"XM_931039",0.00364449174633944
"NM_003759",0.00364449174633944
"BC002703",0.00364449174633944
"NM_004237",0.00364449174633944
"BC000313",0.00364449174633944
"BC039117",0.00364449174633944
"BC026303",0.00364449174633944
"NM_005387",0.00364449174633944
"NM_175907",0.00364449174633944
"NM_203426",0.00365022941473142
"BC044218",0.00365022941473142
"BC037539",0.00365022941473142
"NM_001813",0.00365022941473142
"NM_018685",0.00365022941473142
"NM_152503",0.00365022941473142
"BC004421",0.00365022941473142
"BC032822",0.00366117193270008
"NM_017915",0.00366117193270008
"NM_012244",0.00366117193270008
"NM_000662",0.00366230313616794
"NM_032858",0.00366230313616794
"AK127982",0.00368539890323781
"BC104194",0.00368785483986413
"NM_016593",0.00368812634852723
"DQ059644",0.00368840054416542
"NM_207115",0.00368840054416542
"NM_020770",0.00369965971932318
"XM_925810",0.00371095950760473
"BC067093",0.00371095950760473
"NM_002755",0.00371095950760473
"BC013300",0.00371745314008918
"AK091783",0.00371745314008918
"NM_173475",0.00373867086963601
"NM_001004051",0.00373867086963601
"AK125135",0.00375096642779837
"NM_001032392",0.0038201349504542
"NM_007246",0.00382171812838073
"AF263523",0.0038285507256536
"NM_018024",0.0038285507256536
"BC000419",0.0038285507256536
"BC101787",0.00383369596665522
"XM_926221",0.00383369596665522
"AK094682",0.00385088813093086
"NM_005952",0.0038707399208069
"BC069485",0.00388359896227711
"NM_003105",0.00388657386961361
"NM_021599",0.0039510230807518
"NM_018349",0.00395102665664255
"BC030977",0.00396024257534687
"XM_929923",0.00396024257534687
"BC018190",0.00396227652000091
"NM_005664",0.00396575183736748
"XM_370729",0.00396575183736748
"NM_005951",0.00399191817773171
"NM_003266",0.00400467719853068
"NM_001067",0.00401176414768929
"NM_032828",0.00401176414768929
"XM_929391",0.00401176414768929
"NM_020727",0.00401176414768929
"BC014235",0.00402154389119059
"NM_004649",0.00402455735669799
"BC106871",0.00402905566456095
"BC008408",0.00403357853845524
"XM_370777",0.00404992101675073
"NM_000112",0.00404992101675073
"NM_001013655",0.00404992101675073
"NM_001018003",0.00405429824928063
"AB020648",0.00407002732271213
"BC101726",0.00407002732271213
"XM_928746",0.00407002732271213
"NM_005733",0.00409980863494754
"AL831947",0.00409987611633278
"BC014093",0.004172865443024
"U26727",0.004172865443024
"NM_145701",0.00417551771010107
"AY551298",0.00417551771010107
"BC101578",0.00417551771010107
"BC098342",0.00417551771010107
"BC065260",0.00418048160334243
"NM_001023",0.0041823830332243
"AB209780",0.00419995414583101
"NM_006353",0.00419995414583101
"NM_020163",0.00419995414583101
"XM_933429",0.00419995414583101
"AK001070",0.00419995414583101
"NM_005521",0.00419995414583101
"NM_002573",0.00420354187252457
"BC012035",0.00421802767873633
"NM_001007099",0.00421802767873633
"NM_007180",0.00421802767873633
"AK128371",0.00421802767873633
"XM_928827",0.00421802767873633
"NM_175622",0.00421802767873633
"BC048988",0.00421802767873633
"NM_021634",0.00421802767873633
"XM_927198",0.00421802767873633
"AK223598",0.00421894274390553
"BC104038",0.00422856953550335
"XM_926714",0.00424967118164504
"NM_001014839",0.00425402234897542
"BC018140",0.00425402234897542
"AK001240",0.00427106122760243
"NM_003855",0.00427132048946663
"BC021281",0.00427539704346914
"NM_145288",0.00427539704346914
"NM_022908",0.00427539704346914
"NM_182543",0.00427539704346914
"NM_002344",0.00427934167604696
"NM_004592",0.00428140792449206
"NM_033406",0.0042823828954439
"NM_002182",0.0042823828954439
"BC108890",0.00431149355207603
"XM_929832",0.00433085308682157
"NM_014900",0.00433085308682157
"BC101277",0.00433604643478523
"BX647638",0.00436254819211375
"NM_001014449",0.00436564077947038
"BC101537",0.00437419141362436
"NM_001018136",0.00438848529264773
"NM_012084",0.00439827667748771
"NM_005239",0.00439827667748771
"AB075869",0.00439827667748771
"XM_926190",0.00439827667748771
"AK095460",0.00440067734308725
"NM_152311",0.00440103988257741
"BC101632",0.00441778682549982
"NM_024557",0.00441778682549982
"BC008718",0.00441779757716832
"BC010942",0.00442637719306635
"NM_030624",0.00442637719306635
"NM_033027",0.00444071402719132
"NM_000348",0.00444539879303916
"NM_003622",0.00444579366043522
"NM_001024457",0.00444579366043522
"BC065819",0.00444579366043522
"NM_005845",0.0044700089879808
"BC003530",0.0044700089879808
"BC103841",0.00448000833798255
"NM_014317",0.00448139480947023
"BC094808",0.00448140584027894
"NM_003416",0.00448140584027894
"NM_000255",0.00448361958601157
"NM_020988",0.00448361958601157
"NM_000940",0.00449363986630198
"DQ059646",0.00450186073275851
"AY116204",0.00450526446216835
"NM_018101",0.00450526446216835
"NM_005570",0.00450526446216835
"BC021998",0.00450526446216835
"BC086875",0.00450526446216835
"NM_017671",0.00450526446216835
"BC053621",0.0045073683369338
"NM_172250",0.0045073683369338
"BC032014",0.00451070502612411
"NM_005956",0.00451875519047682
"AK075048",0.00455567202358691
"AF068181",0.00457703977321451
"NM_001039651",0.00457958052111907
"NM_001024070",0.00459192000989925
"NM_005997",0.00459192000989925
"NM_001001132",0.00459192000989925
"NM_005949",0.00459192000989925
"BC026362",0.00459192000989925
"BC101511",0.00459192000989925
"BC067441",0.00459192000989925
"BC007518",0.00459192000989925
"NM_030759",0.00459192000989925
"AF061261",0.00460357093590526
"BC011878",0.00461368085115516
"NM_020649",0.00462036214737046
"NM_003910",0.00462721468165046
"BC110300",0.00462721468165046
"NM_000056",0.00463430952440866
"BC025954",0.00463496302314409
"NM_030815",0.00463496302314409
"NM_000269",0.00463957717015553
"BC007573",0.00464816530448087
"AK055636",0.00465495939341118
"NM_005763",0.00465495939341118
"AJ851890",0.00466871515712213
"BC001930",0.00466999789237252
"AJ236922",0.00468410242583105
"BC046099",0.0047065548459763
"XM_372035",0.0047065548459763
"NM_005989",0.00471034158862079
"NM_021647",0.00471048544447834
"NM_021957",0.00475974159717677
"BC016282",0.00476698343397671
"BC049383",0.00476698343397671
"BC063301",0.00476855314699166
"NM_004232",0.00478133317198895
"BC045605",0.00478133317198895
"NM_058197",0.00478133317198895
"NM_017580",0.00478999428330581
"L07594",0.00478999428330581
"BC012472",0.00483456715205233
"BC052285",0.00483456715205233
"NM_000576",0.00483495179670802
"AY077636",0.00483495179670802
"BC071927",0.00483495179670802
"NM_021625",0.00483830835271875
"BC001459",0.00484826596233705
"NM_032847",0.00484826596233705
"BC030538",0.00484826596233705
"BC033040",0.00484826596233705
"BC033297",0.00484826596233705
"BC068598",0.00489153054313128
"AK095260",0.00489153054313128
"NM_001031833",0.00489227402163022
"X98260",0.00489227402163022
"XM_296817",0.00489227402163022
"BC045606",0.00489227402163022
"BC036834",0.00499474425248562
"NM_052963",0.00500172904380522
"NM_000077",0.00502238908102571
"AF090919",0.00504411782479824
"NM_203402",0.00504411782479824
"BC066899",0.00504411782479824
"BC074802",0.00504411782479824
"NM_001766",0.00504411782479824
"NM_024773",0.00508904677129262
"BC005070",0.00509018251327881
"NM_024607",0.00509018251327881
"NM_021229",0.00511520413636426
"NM_207459",0.0051297631151251
"NM_003548",0.0051297631151251
"AK131206",0.00513474992699268
"NM_018102",0.00514190927221517
"CR627426",0.0051496811341922
"BC110460",0.0051551357319096
"XM_931776",0.00515835627050834
"NM_017865",0.00517750495113352
"BC014312",0.00521671594571126
"NM_145263",0.00522447186273114
"XM_292820",0.0052379194025313
"BC112086",0.00524962186741496
"AK093699",0.00524962186741496
"NM_025045",0.00525414194521826
"NM_182944",0.005258242831005
"NM_024112",0.00526748957642797
"NM_001039954",0.0052953258395853
"BC100283",0.00530269783864282
"XM_935431",0.00530322369992632
"NM_004632",0.00530322369992632
"NM_014665",0.00530322369992632
"BC035617",0.00530322369992632
"BC030006",0.00531226633872976
"BC031084",0.00531226633872976
"NM_001031855",0.00531481947468115
"NM_016947",0.00531481947468115
"NM_005940",0.00531481947468115
"X07166",0.00531481947468115
"XM_933073",0.00531481947468115
"BC075082",0.00534826554162789
"BC074893",0.00535468866602448
"AJ245661",0.00536910462319065
"BC016675",0.00538801432173034
"AL833382",0.00538827030956777
"BC002777",0.0053913160833466
"NM_006314",0.0053913160833466
"BC011623",0.0053913160833466
"NM_021807",0.0053913160833466
"NM_007198",0.0053913160833466
"NM_173822",0.0053913160833466
"NM_030641",0.00539310303067808
"BC029475",0.00540785259669574
"NM_001037738",0.0054151617010998
"NM_014783",0.00541762310410691
"AF092511",0.0054312622789285
"NM_201436",0.0054312622789285
"AK025120",0.00548701182172146
"NM_002717",0.0054990192367174
"AK058142",0.0054990192367174
"NM_001029976",0.0054990192367174
"NM_012310",0.0055141017451657
"NM_001008539",0.00551767994453392
"NM_033512",0.00551767994453392
"NM_170783",0.00551767994453392
"NM_182689",0.00551905550574502
"NM_003991",0.00555042374517977
"CR622780",0.00555042374517977
"NM_000316",0.00555634046153534
"NM_015087",0.00555634046153534
"BC005389",0.00557052890490025
"NM_018302",0.00558393834560314
"NM_145061",0.00560408890160297
"AF026219",0.0056109787652228
"NM_133181",0.0056109787652228
"NM_032139",0.0056109787652228
"BC030512",0.0056109787652228
"NM_031449",0.00563195850821501
"BC105972",0.0056366912282339
"NM_134470",0.00564026748868845
"BC000098",0.00564026748868845
"NM_013432",0.00564458953965445
"NM_012064",0.00565474630798081
"NM_153018",0.00565711265843653
"NM_001609",0.00566071685755232
"NM_016448",0.00566557943055269
"BC112217",0.00567933201347539
"NM_052899",0.00569677535739568
"NM_032784",0.00573929507977177
"XM_927658",0.00574608918200265
"NM_177542",0.00574608918200265
"NM_001009811",0.0057493856537612
"BC035562",0.0057553518557795
"NM_001007214",0.00577263853817531
"AK126933",0.00577263853817531
"NM_134440",0.00578971656235949
"AK125123",0.0058042754759241
"BC093975",0.00580712062449694
"BC103842",0.00580712062449694
"NM_014808",0.0058095572348742
"AK131299",0.0058095572348742
"NM_006052",0.00581825727163921
"NM_001034850",0.00583341904942965
"BC037906",0.00583824522989536
"AB051500",0.00584403470717293
"AK024084",0.00584403470717293
"BC063833",0.0058447233656305
"NM_033050",0.00586020395963967
"BC031520",0.00586711134169407
"NM_022549",0.00589133138343614
"XM_928812",0.00589133138343614
"BC051840",0.00589133138343614
"CR749496",0.00589133138343614
"BC048123",0.00589133138343614
"NM_018193",0.00591773429344235
"AF251043",0.00591773429344235
"NM_001608",0.00591773429344235
"NM_152644",0.00591773429344235
"NM_001003396",0.00593058228564383
"NM_001008487",0.00593058228564383
"NM_001005413",0.00593058228564383
"NM_001461",0.00593122144054934
"NM_018192",0.00593122144054934
"BC011890",0.00593122144054934
"BC040355",0.00595033963722282
"NM_001430",0.00595033963722282
"NM_004657",0.00596637692863913
"AK172829",0.00596637692863913
"NM_015093",0.00596663947670284
"XM_932171",0.00600180604001881
"BC107894",0.00600180604001881
"BC014472",0.00600306507522867
"NM_001006655",0.00602560900722685
"NM_004042",0.00605461222187507
"BC103840",0.00605461222187507
"AY358220",0.00605787789439147
"NM_018593",0.0060609464325152
"NM_001467",0.00609213802002661
"NM_139160",0.00611802117068342
"BC112036",0.00613943439312294
"NM_024647",0.00613943439312294
"NM_004629",0.00615991066613247
"BC109214",0.00617255821602347
"NM_024582",0.00617255821602347
"XM_934128",0.00617255821602347
"XM_926338",0.00618053975540869
"AK131562",0.00618400912121565
"BC007034",0.00619320386202174
"NM_144713",0.00619320386202174
"NM_000512",0.00620911504953058
"NM_002810",0.00621865372375874
"NM_017881",0.00621865372375874
"NM_003764",0.00621865372375874
"BC024007",0.00622795072004131
"AK021670",0.00622795072004131
"XM_933069",0.00622795072004131
"NM_007026",0.00622795072004131
"NM_003864",0.00622795072004131
"NM_153717",0.00622795072004131
"NM_003330",0.00622795072004131
"NM_176870",0.00622795072004131
"NM_152729",0.00622795072004131
"NM_002926",0.00622795072004131
"BC030020",0.00624130518762201
"BC005353",0.00624130518762201
"NM_181789",0.00625194113406342
"AY339061",0.0062645986869626
"NM_032485",0.00627827958236979
"BC009108",0.00630423796246253
"NM_031217",0.0063070296644621
"AK125519",0.00633481291331673
"NM_001025579",0.00633825551210684
"BC003392",0.00633825551210684
"NM_021805",0.0063514321727513
"NM_002968",0.00636211988393805
"NM_014053",0.00636496042852606
"NM_014331",0.00636496042852606
"NM_201262",0.006368730574091
"BC010358",0.006368730574091
"BC046199",0.00637044406614437
"NM_000685",0.00637462610630223
"BC019248",0.00637462610630223
"AY267839",0.00637462610630223
"NM_145753",0.00639655109061601
"X14298",0.00642309841932132
"M60504",0.00643590676708546
"BC073132",0.00644314567024745
"BC089434",0.00646865349801897
"NM_004565",0.00646865349801897
"BC105923",0.00647550772033371
"NM_001007237",0.00649282483512577
"BC033540",0.00649399229455404
"NM_017785",0.00650147793574714
"AF130070",0.00650318675213069
"NM_001013690",0.00650463201207302
"NM_176880",0.00650463201207302
"NM_004388",0.00650463201207302
"NM_014949",0.00651860893515413
"BC008353",0.00652790423373246
"XM_928992",0.00653842547355501
"NM_001007254",0.00653846385653682
"DQ345517",0.00653846385653682
"NM_018098",0.00655690701992661
"NM_000692",0.00655690701992661
"NM_004441",0.00656645188985797
"NM_145862",0.00656645188985797
"NM_031490",0.00656645188985797
"BC093708",0.00656645188985797
"NM_012412",0.00656645188985797
"NM_001444",0.00656645188985797
"XM_930560",0.00656645188985797
"DQ345519",0.00656645188985797
"AY751739",0.00656683827574923
"BC069300",0.0065821961289796
"NM_194430",0.0065821961289796
"BC036804",0.00658376537815724
"BC021301",0.00659076986128131
"AK126057",0.00660544529551688
"XM_926156",0.00661047699973164
"NM_024605",0.00661722764735619
"BC071914",0.00662114422353253
"NM_018270",0.00663370423027824
"AK123948",0.00666043983342535
"BC071576",0.00667092583319414
"NM_015480",0.00667475588619457
"BC013611",0.00667475588619457
"NM_020142",0.00667523878424665
"NM_002497",0.00667550965895063
"NM_006004",0.00668308172079155
"XM_084672",0.00668308172079155
"BX247970",0.00668308172079155
"NM_144593",0.00670917785038776
"NM_003318",0.00671297909793393
"NM_201516",0.00671297909793393
"XM_931795",0.00671297909793393
"BC027976",0.00671297909793393
"NM_000159",0.0067376582874397
"XM_208658",0.0067778121887122
"NM_015895",0.0067778121887122
"XM_927576",0.0067778121887122
"AF106911",0.0067778121887122
"NM_002633",0.0067778121887122
"NM_005685",0.0067778121887122
"NM_153463",0.0067778121887122
"NM_006667",0.0067778121887122
"AK130795",0.0067778121887122
"NM_203481",0.0067778121887122
"XM_926021",0.00678680710704743
"NM_003265",0.0067920146567203
"NM_183241",0.00680097677062507
"NM_002756",0.00682200516437629
"NM_016239",0.00682244859826503
"NM_004887",0.00682244859826503
"NM_000754",0.00683802844546948
"BC093977",0.0068549518334036
"BC033100",0.00685495551927149
"AF116545",0.0068617046486701
"BC009480",0.0068617046486701
"NM_138694",0.00686272368053146
"NM_013976",0.00686944401436394
"NM_000577",0.00688809323697962
"NM_020639",0.00689236115822914
"BC108904",0.00691956680383799
"AY008410",0.00694171650508287
"NM_153688",0.00694171650508287
"NM_001012985",0.00694334574528929
"NM_175901",0.00696130163245873
"NM_005483",0.00698391088284901
"NM_148920",0.00698391088284901
"AJ290393",0.00698391088284901
"NM_005907",0.00702568915759935
"NM_182566",0.00703016284099616
"BC021174",0.00703107093348609
"BC000510",0.00703156383022785
"BC008608",0.00704107843066687
"NM_198585",0.00706777075700648
"BC008741",0.00707078190115766
"NM_133493",0.00710012628548565
"BC109187",0.00710250147833721
"XM_933149",0.00710817355409031
"BC004540",0.00711106746412364
"NM_015104",0.00711106746412364
"NM_030895",0.00711299404260424
"BC011444",0.00711299404260424
"NM_000951",0.00712331363142652
"NM_153464",0.00712805516803194
"BC112301",0.00713864940347711
"NM_181723",0.00715721484068414
"XM_933441",0.00715721484068414
"XM_927142",0.00715910956246049
"NM_017415",0.00717896107256043
"XM_208185",0.00719380955924466
"NM_002875",0.00719380955924466
"NM_000136",0.00720942271341934
"BC038422",0.00721570094244238
"NM_000723",0.00722777875244105
"BC012021",0.00726333457747239
"NM_018424",0.0072692134427385
"NM_014487",0.0072692134427385
"NM_014501",0.00731367049617007
"BC105958",0.00731367049617007
"NM_000892",0.007328069380904
"NM_198175",0.007328069380904
"XM_371461",0.00733186853416154
"NM_003044",0.00733186853416154
"XM_045290",0.00733186853416154
"NM_007240",0.00733186853416154
"NM_018945",0.00735118142671274
"BC048097",0.00735343601376555
"NM_198253",0.00735715241541648
"BC049823",0.00736527088602108
"BC047083",0.00742762304810889
"NM_130469",0.00742762304810889
"XM_930541",0.00742762304810889
"NM_003600",0.00742762304810889
"NM_000815",0.00742762304810889
"BC011548",0.00742762304810889
"BC004259",0.00742762304810889
"AK074518",0.0074528903744601
"AK095291",0.0074528903744601
"NM_000135",0.00747050728398474
"NM_001033564",0.00747050728398474
"NM_001011513",0.00748429496669737
"BC011600",0.00749526770994274
"NM_006493",0.00749526770994274
"XM_208097",0.00749526770994274
"BC000387",0.00750228488839267
"NM_003236",0.0075236225644626
"NM_032360",0.00755444341914748
"BC017202",0.00757648409058747
"BC066948",0.00757710209503128
"NM_024068",0.00757710209503128
"BC093725",0.00758533859911556
"NM_003193",0.0075967745237973
"NM_020872",0.00766042230424532
"XM_928638",0.00769690014559252
"BC006267",0.00769690014559252
"NM_014600",0.00769690014559252
"BX647724",0.00769710239687392
"NM_001281",0.00770152784737326
"BC006171",0.00770152784737326
"NM_001056",0.00770152784737326
"NM_006657",0.00770266705071519
"NM_003248",0.0077049052364391
"BC062330",0.00772626623583284
"NM_005946",0.00773948593340376
"BC036520",0.00773948593340376
"NM_032818",0.00773948593340376
"AB014605",0.00773948593340376
"BC017591",0.00774064868927747
"NM_001761",0.00775920788013909
"BC063635",0.00778345483094111
"BC050073",0.00778364989538695
"NM_015192",0.00779199199537171
"NM_002105",0.00781379040766655
"XM_928673",0.00784898956494763
"BC107735",0.00785403076635368
"BC107483",0.00785910815987162
"NM_003748",0.00786155735212918
"NM_001040021",0.00786155735212918
"BC003513",0.00786155735212918
"XM_926941",0.00786155735212918
"BC010507",0.00786485659925493
"AB073385",0.00786485659925493
"BC002797",0.00789056387526894
"NM_005227",0.00789056387526894
"NM_030932",0.00789904767655756
"BC021664",0.00789904767655756
"AK023110",0.00791889592664497
"NM_015931",0.00791889592664497
"NM_002225",0.00793234414131022
"NM_033297",0.00793987067998541
"NM_017831",0.00795109501432103
"NM_152524",0.00795670487839955
"XM_496319",0.00796482033764921
"NM_153209",0.00799395584353186
"NM_001438",0.00801612915560357
"NM_007111",0.00802105179717048
"BC033685",0.00802852050690935
"NM_007317",0.00802905242475443
"AK074311",0.00802905242475443
"NM_207517",0.00802905242475443
"NM_006623",0.00802905242475443
"NM_006705",0.00802905242475443
"BC010469",0.00805179509304572
"NM_023078",0.00805524391502186
"XM_085634",0.00805780540496167
"NM_000465",0.00805780540496167
"BC017018",0.00805780540496167
"NM_002867",0.00805780540496167
"NM_133468",0.00807694915714879
"BC038467",0.00808466649701257
"NM_025203",0.00808466649701257
"NM_032239",0.00808564572208717
"BC036191",0.00808564572208717
"NM_206965",0.00808564572208717
"NM_033204",0.00808564572208717
"NM_002441",0.00808564572208717
"BC101251",0.00809668419500053
"NM_001005735",0.00812087531391446
"NM_203400",0.00812787585543813
"NM_000356",0.00815963520149565
"AY496266",0.00816351954434994
"AK074804",0.00816901836978532
"XM_927323",0.00816901836978532
"NM_003070",0.00816901836978532
"BC008887",0.00818204269806982
"NM_000055",0.00818204269806982
"NM_145870",0.00818343919202794
"BC013771",0.00819028259633788
"BC008290",0.00819058168365112
"NM_031464",0.00819058168365112
"BC016825",0.00819247267470861
"XM_373742",0.00821458338909585
"AK124284",0.00821458338909585
"NM_181784",0.00821982294644448
"BC005916",0.00826903871277054
"AK024549",0.00827799075994716
"BC034490",0.00827842698401844
"AJ000001",0.00827842698401844
"NM_001009554",0.00827842698401844
"BC002445",0.00827842698401844
"NM_003768",0.00827842698401844
"NM_052932",0.00828451629668499
"BC000465",0.00828517042278075
"BC050369",0.00828751768423597
"NM_021077",0.00828751768423597
"BC013069",0.00829415458736541
"NM_001031728",0.00829886186830363
"XM_933090",0.00829886186830363
"BC065827",0.00830765375198701
"XM_929102",0.00834096527705804
"AK092766",0.00834452876648858
"NM_022973",0.00834452876648858
"NM_002512",0.00834452876648858
"BC109292",0.00834452876648858
"NM_024629",0.00834452876648858
"NM_004827",0.00839284143220109
"AK090821",0.00839284143220109
"NM_024526",0.00839284143220109
"NM_001037501",0.00839284143220109
"NM_003219",0.00844642773016792
"NM_015719",0.00845027577262581
"NM_015414",0.0084937681732356
"NM_152487",0.0084937681732356
"XM_931813",0.00850059131496414
"BC020835",0.0085147792553116
"NM_138554",0.00851596486928711
"NM_024321",0.00852172289009116
"NM_003487",0.00853448331343079
"NM_003822",0.00854712174270613
"AK092535",0.00856243510125688
"CR749275",0.00856243510125688
"NM_004516",0.00856363597408786
"BC021988",0.00857749356366754
"BC034942",0.00858569988411311
"BC032606",0.00859383562128386
"NM_194431",0.00859383562128386
"AL133030",0.00859971680672464
"NM_001003395",0.00859971680672464
"NM_007030",0.00859971680672464
"XM_931759",0.00859971680672464
"BC000544",0.00859971680672464
"BC110622",0.00859971680672464
"NM_173832",0.00866077868299371
"NM_152553",0.00866077868299371
"AY345239",0.00866077868299371
"NM_012432",0.00866077868299371
"NM_001033886",0.00866290148855012
"NM_001004303",0.00866562561991443
"BC042334",0.00866773954226448
"NM_030928",0.00866773954226448
"AK127536",0.00868911221022751
"NM_016234",0.00871277074697862
"BC032400",0.00871852487912466
"NM_004203",0.00871852487912466
"NM_002773",0.00872234223083881
"NM_024636",0.00874565136828888
"NM_003693",0.00874565136828888
"BC024592",0.00874565136828888
"BC043388",0.00874565136828888
"BC005185",0.00874628019650558
"NM_032557",0.00874628019650558
"BC003055",0.00874628019650558
"NM_000562",0.0087556083906862
"NM_001006610",0.0087556083906862
"NM_002265",0.0087556083906862
"AF011390",0.0087556083906862
"AB040937",0.00877565197161269
"NM_018004",0.00877565197161269
"NM_001002920",0.00877565197161269
"CR621401",0.00877565197161269
"XM_931028",0.00878398341310124
"AF351614",0.00880582263059113
"AF114165",0.00880637294838459
"NM_025080",0.00880668816353357
"AK056936",0.00880668816353357
"NM_001039752",0.00885103873951693
"BC093978",0.00885103873951693
"NM_024033",0.00885103873951693
"XM_291262",0.00885103873951693
"XM_043272",0.00885103873951693
"AY358164",0.00888466364328939
"NM_152869",0.00888466364328939
"BC001651",0.00888466364328939
"BC014474",0.00888466364328939
"NM_032302",0.00888466364328939
"NM_000922",0.0088863076872262
"BC052270",0.0088863076872262
"XM_927616",0.0088863076872262
"NM_032673",0.0088863076872262
"XM_370629",0.0088899764999364
"NM_022052",0.00891438364120309
"NM_024745",0.00891613378990296
"NM_005309",0.0089205703236887
"XM_930839",0.00894583293332473
"XM_930901",0.00895474203562616
"BC032478",0.00899078644047943
"BC063848",0.00900714528460266
"NM_022039",0.00900805036262817
"NM_003147",0.00900805036262817
"BC093070",0.00901577690317596
"NM_003721",0.00901939151937833
"NM_152341",0.00901939151937833
"NM_005040",0.00901939151937833
"NM_199420",0.00901939151937833
"BC015925",0.00901939151937833
"NM_031310",0.00901939151937833
"NM_001004356",0.00901939151937833
"BC020967",0.00901939151937833
"AK074219",0.00901939151937833
"BC001550",0.00902338971611948
"NM_001237",0.00906732706371679
"NM_006323",0.00908223063290671
"NM_018136",0.00908223063290671
"XM_928258",0.00908255297754656
"NM_016350",0.0091011608245595
"BC022364",0.0091011608245595
"XM_926643",0.0091011608245595
"AB113382",0.0091011608245595
"AK000538",0.0091011608245595
"XM_934078",0.0091011608245595
"AF401654",0.00910500004210922
"NM_033224",0.00914455782668442
"NM_015245",0.00914535586823148
"BC052614",0.00914535586823148
"NM_025268",0.00916931888336177
"BC020718",0.00917098034603345
"NM_012346",0.00917713006136406
"NM_015161",0.00918920132680359
"AY358101",0.00920975097428855
"BC065484",0.00921937741759864
"Z15005",0.00921937741759864
"BC015831",0.00921937741759864
"XM_928177",0.00926009760983034
"NM_001024",0.00927702932042704
"NM_145020",0.009277209933908
"BC035696",0.00928008943547864
"NM_138555",0.00929508261218546
"NM_001012456",0.00930225852119156
"NM_033439",0.00931350886139497
"BC005969",0.00932673836664977
"NM_006558",0.00933377436714236
"NM_006208",0.00933377436714236
"XM_932071",0.00933377436714236
"XM_929812",0.00933377436714236
"XM_933060",0.00933377436714236
"NM_016057",0.00933377436714236
"BC106941",0.00933377436714236
"BC107754",0.00933377436714236
"BC001025",0.00933377436714236
"AB040875",0.00934779290370932
"NM_001035267",0.00934779290370932
"AK022459",0.00935061164452972
"BC035970",0.00936750882483876
"BC101679",0.00937958394082853
"NM_018369",0.0093903922645323
"NM_000595",0.00940050967165225
"NM_001974",0.00940484769134834
"NM_000113",0.00941066732484799
"NM_000073",0.00943098734834821
"BC101829",0.00943098734834821
"BC009468",0.00943098734834821
"NM_020863",0.00945521970912104
"BC038673",0.00946171770340641
"BC066940",0.00946171770340641
"NM_002908",0.00948307322042029
"BC044920",0.00949495369186802
"XM_932759",0.00950979211578268
"BC039065",0.00952261637160436
"AK124968",0.00952261637160436
"BC033750",0.00958433243358503
"BC101631",0.00958433243358503
"BC070267",0.00962250610380201
"BC011883",0.00962824670977329
"NM_000243",0.00964751612859987
"NM_004660",0.00965490494118202
"BC062585",0.0096563136814434
"BC039115",0.0096563136814434
"XM_496668",0.00967229127013014
"BC000714",0.00967229127013014
"BC021981",0.00967229127013014
"J03208",0.00967229127013014
"NM_153365",0.00967229127013014
"BC019283",0.00967229127013014
"NM_014521",0.00967229127013014
"CR617844",0.00967399666716253
"AY927772",0.00967399666716253
"NM_032152",0.00967399666716253
"BC069401",0.00967399666716253
"BC045537",0.00967399666716253
"XM_933724",0.00969473199042911
"BC110504",0.00969473199042911
"NM_015375",0.00969473199042911
"NM_000772",0.00969473199042911
"NM_080757",0.00972489503868163
"NM_178564",0.00974344232561678
"BC034729",0.00976317942422424
"NM_001034077",0.0097886117067713
"BC040469",0.00978965252246981
"NM_001008395",0.00981691412360534
"NM_207488",0.00982637982929854
"NM_004988",0.00984468275912143
"NM_172115",0.00985499222511085
"NM_004041",0.00986030150204831
"XM_926323",0.00986030150204831
"NM_014302",0.00987679146798787
"NM_016205",0.00987679146798787
"NM_001039535",0.00987679146798787
"BC018002",0.00992145908035183
"XM_498838",0.00992145908035183
"NM_001969",0.00993199490539752
"NM_001018137",0.00993345085831159
"BC033906",0.00994020848552737
"NM_002114",0.00994020848552737
"NM_025125",0.00994267987184864
"NM_012474",0.00994267987184864
"XM_930803",0.00994267987184864
"AK095003",0.00994267987184864
"NM_014602",0.00994267987184864
"NM_018134",0.00997584495474299
